[
  {
    "Id": "589230",
    "ThreadId": "251904",
    "Html": "\r\n<p>How does someone use this DLL beyond adding it as a reference?</p>\r\n",
    "PostedDate": "2011-03-30T22:09:46.343-07:00",
    "UserRole": null,
    "MarkedAsAnswerDate": null
  },
  {
    "Id": "607400",
    "ThreadId": "251904",
    "Html": "<p>@studbuckman - It definitely helps to be familiar with the Core Audio APIs and how they work. MSDN is a great reference for this. You should be able to easily translate any C++ examples you can find into equivalent C# code. The method names, parameters, etc  are almost an exact match. You can also look through the included unit tests, which have code exercising nearly every available method in each of the APIs.</p>",
    "PostedDate": "2011-05-04T12:59:24.043-07:00",
    "UserRole": null,
    "MarkedAsAnswerDate": null
  },
  {
    "Id": "1136730",
    "ThreadId": "251904",
    "Html": "@bdorman, Is there any example how to open, play/queue buffer or something? Can't find a point to start with.<br />\n",
    "PostedDate": "2013-12-16T07:56:39.877-08:00",
    "UserRole": null,
    "MarkedAsAnswerDate": null
  }
]