[
  {
    "Id": "690633",
    "ThreadId": "277511",
    "Html": "\r\n<p>some test case failed, such as <span style=\"font-family:Consolas,'Courier New',Courier,monospace; white-space:pre\">\r\nIAudioOutputSelectorTest, &quot;Inconclusive<span> </span>IAudioOutputSelector_GetSelection<span>\r\n</span>CoreAudioTests<span> </span>Assert.Inconclusive failed. The test cannot be run properly. No devices were found.<span> &quot;</span></span></p>\r\n",
    "PostedDate": "2011-10-28T00:09:35.553-07:00",
    "UserRole": null,
    "MarkedAsAnswerDate": null
  },
  {
    "Id": "712950",
    "ThreadId": "277511",
    "Html": "<p>Some of the test cases have hardware dependencies. If a test requires a device when none are available it fails with Assert.Inconclusive. Notice the error message, \"<span style=\"font-family: Consolas,'Courier New',Courier,monospace; white-space: pre;\">The test cannot be run properly. No devices were found.\"</span></p>",
    "PostedDate": "2011-12-15T14:46:36.727-08:00",
    "UserRole": null,
    "MarkedAsAnswerDate": null
  }
]