[
  {
    "Id": "0",
    "Name": ".NET Core Audio Library Version 1.0",
    "DevelopmentStatus": "Stable",
    "Description": "Initial release of .NET Core Audio Library on CodePlex -- Version 1.0",
    "ReleasedDatge": "0001-01-01T00:00:00",
    "ModifiedDate": "2011-02-19T15:55:43.92-08:00",
    "Files": [
      {
        "Id": "6241b255-f3ae-4ead-8346-096339d27594",
        "FileName": "Vannatech.CoreAudio.dll",
        "Url": "./0/6241b255-f3ae-4ead-8346-096339d27594",
        "Type": "Application",
        "UploadDate": "2011-02-19T15:55:43.437-08:00"
      },
      {
        "Id": "dc3de1e0-6c5f-42cc-b727-d01c89b1387f",
        "FileName": "Vannatech.CoreAudio.xml",
        "Url": "./0/dc3de1e0-6c5f-42cc-b727-d01c89b1387f",
        "Type": "Documentation",
        "UploadDate": "2011-02-19T15:55:43.577-08:00"
      }
    ]
  }
]